Variant;Chromosome;GenomicLocation;Edit;GeneOrientation;PBS;RTT
*HEK3_4a_1TtoA ;9;107422356;T>A;+;13;10
*HEK3_4a_1TtoC ;9;107422356;T>C;+;13;10
*HEK3_4a_1TtoG ;9;107422356;T>G;+;13;10
*HEK3_4a_2GtoA ;9;107422357;G>A;+;13;10
*HEK3_4a_2GtoC ;9;107422357;G>C;+;13;10
*HEK3_4a_2GtoT ;9;107422357;G>T;+;13;10
*HEK3_4a_3AtoC ;9;107422358;A>C;+;13;10
*HEK3_4a_3AtoG ;9;107422358;A>G;+;13;10
*HEK3_4a_3AtoT ;9;107422358;A>T;+;13;10
*HEK3_4a_4TtoA ;9;107422359;T>A;+;13;10
*HEK3_4a_4TtoC ;9;107422359;T>C;+;13;10
*HEK3_4a_4TtoG ;9;107422359;T>G;+;13;10
*HEK3_4a_5GtoA ;9;107422360;G>A;+;13;10
*HEK3_4a_5GtoC ;9;107422360;G>C;+;13;10
*HEK3_4a_5GtoT ;9;107422360;G>T;+;13;10
*HEK3_4a_6GtoA ;9;107422361;G>A;+;13;10
*HEK3_4a_6GtoC ;9;107422361;G>C;+;13;10
*HEK3_4a_6GtoT;9;107422361;G>T;+;13;10
*HEK3_4a_7CtoA ;9;107422362;C>A;+;13;10
*HEK3_4a_7CtoG ;9;107422362;C>G;+;13;10
*HEK3_4a_7CtoT ;9;107422362;C>T;+;13;10
*HEK3_4a_8AtoC ;9;107422363;A>C;+;13;10
*HEK3_4a_8AtoG ;9;107422363;A>G;+;13;10
*HEK3_4a_8AtoT;9;107422363;A>T;+;13;10
*HEK3_4a_8GtoA;9;107422363;G>A;+;13;10
